Sheet,Description
2016_Summary_Commodity,Supply chain emission factors (with and without margins) and Data Quality scores of the factors for 2016 US commodities at the BEA summary level of categorization.
2015_Summary_Commodity,Supply chain emission factors (with and without margins) and Data Quality scores of the factors for 2015 US commodities at the BEA summary level of categorization.
2014_Summary_Commodity,Supply chain emission factors (with and without margins) and Data Quality scores of the factors for 2014 US commodities at the BEA summary level of categorization.
2013_Summary_Commodity,Supply chain emission factors (with and without margins) and Data Quality scores of the factors for 2013 US commodities at the BEA summary level of categorization.
2012_Summary_Commodity,Supply chain emission factors (with and without margins) and Data Quality scores of the factors for 2012 US commodities at the BEA summary level of categorization.
2011_Summary_Commodity,Supply chain emission factors (with and without margins) and Data Quality scores of the factors for 2011 US commodities at the BEA summary level of categorization.
2010_Summary_Commodity,Supply chain emission factors (with and without margins) and Data Quality scores of the factors for 2010 US commodities at the BEA summary level of categorization.
2016_Summary_Industry,Supply chain emission factors (with and without margins) and Data Quality scores of the factors for 2016 US industries at the BEA summary level of categorization.
2015_Summary_Industry,Supply chain emission factors (with and without margins) and Data Quality scores of the factors for 2015 US industries at the BEA summary level of categorization.
2014_Summary_Industry,Supply chain emission factors (with and without margins) and Data Quality scores of the factors for 2014 US industries at the BEA summary level of categorization.
2013_Summary_Industry,Supply chain emission factors (with and without margins) and Data Quality scores of the factors for 2013 US industries at the BEA summary level of categorization.
2012_Summary_Industry,Supply chain emission factors (with and without margins) and Data Quality scores of the factors for 2012 US industries at the BEA summary level of categorization.
2011_Summary_Industry,Supply chain emission factors (with and without margins) and Data Quality scores of the factors for 2011 US industries at the BEA summary level of categorization.
2010_Summary_Industry,Supply chain emission factors (with and without margins) and Data Quality scores of the factors for 2010 US industries at the BEA summary level of categorization.
2016_Detail_Commodity,Supply chain emission factors (with and without margins) and Data Quality scores of the factors for 2016 US commodities at the BEA detail level of categorization.
2015_Detail_Commodity,Supply chain emission factors (with and without margins) and Data Quality scores of the factors for 2015 US commodities at the BEA detail level of categorization.
2014_Detail_Commodity,Supply chain emission factors (with and without margins) and Data Quality scores of the factors for 2014 US commodities at the BEA detail level of categorization.
2013_Detail_Commodity,Supply chain emission factors (with and without margins) and Data Quality scores of the factors for 2013 US commodities at the BEA detail level of categorization.
2012_Detail_Commodity,Supply chain emission factors (with and without margins) and Data Quality scores of the factors for 2012 US commodities at the BEA detail level of categorization.
2011_Detail_Commodity,Supply chain emission factors (with and without margins) and Data Quality scores of the factors for 2011 US commodities at the BEA detail level of categorization.
2010_Detail_Commodity,Supply chain emission factors (with and without margins) and Data Quality scores of the factors for 2010 US commodities at the BEA detail level of categorization.
2016_Detail_Industry,Supply chain emission factors (with and without margins) and Data Quality scores of the factors for 2016 US industries at the BEA detail level of categorization.
2015_Detail_Industry,Supply chain emission factors (with and without margins) and Data Quality scores of the factors for 2015 US industries at the BEA detail level of categorization.
2014_Detail_Industry,Supply chain emission factors (with and without margins) and Data Quality scores of the factors for 2014 US industries at the BEA detail level of categorization.
2013_Detail_Industry,Supply chain emission factors (with and without margins) and Data Quality scores of the factors for 2013 US industries at the BEA detail level of categorization.
2012_Detail_Industry,Supply chain emission factors (with and without margins) and Data Quality scores of the factors for 2012 US industries at the BEA detail level of categorization.
2011_Detail_Industry,Supply chain emission factors (with and without margins) and Data Quality scores of the factors for 2011 US industries at the BEA detail level of categorization.
2010_Detail_Industry,Supply chain emission factors (with and without margins) and Data Quality scores of the factors for 2010 US industries at the BEA detail level of categorization.
